Categoria,Subcategoria,Atividade
A.1. Gestão e abastecimento de água e saneamento,A.1.1. Medidas que contribuem para melhorar o acesso e/ou o uso eficiente da água.,A.1.1.1. Melhoria do planejamento e da gestão da captação de recursos hídricos. Economia azul sustentável: classifique se a fonte de captação é o mar ou poços costeiros.
A.1. Gestão e abastecimento de água e saneamento,A.1.1. Medidas que contribuem para melhorar o acesso e/ou o uso eficiente da água.,A.1.1.2. Instalação de equipamentos de captação e armazenamento de águas pluviais domésticas.
A.1. Gestão e abastecimento de água e saneamento,A.1.1. Medidas que contribuem para melhorar o acesso e/ou o uso eficiente da água.,"A.1.1.3. Instalação de novas conexões de água potável e/ou reabilitação das redes de distribuição de água. Economia azul sustentável: Classifique se a fonte de captação é o mar ou poços costeiros, e envolve processos de dessalinização."
A.1. Gestão e abastecimento de água e saneamento,A.1.1. Medidas que contribuem para melhorar o acesso e/ou o uso eficiente da água.,A.1.1.4. Atividades de abastecimento de água para irrigação da produção agrícola e fortalecimento da segurança alimentar e nutricional (SAN).
A.1. Gestão e abastecimento de água e saneamento,A.1.1. Medidas que contribuem para melhorar o acesso e/ou o uso eficiente da água.,"A.1.1.5. Ações a partir da demanda que ajudem a melhorar o consumo (eficiência), reduzir a pegada hídrica e/ou promover a economia circular. Economia azul sustentável: Classifica quando se utiliza água do mar em processos industriais, como alternativa para diminuir o consumo de água potável."
A.1. Gestão e abastecimento de água e saneamento,A.1.1. Medidas que contribuem para melhorar o acesso e/ou o uso eficiente da água.,A.1.1.6. Medidas para o controle ativo de vazamentos de água.
A.1. Gestão e abastecimento de água e saneamento,A.1.1. Medidas que contribuem para melhorar o acesso e/ou o uso eficiente da água.,A.1.1.7. Outras medidas que contribuem para melhorar o acesso e/ou o uso eficiente da água.
"A.2. Agricultura, uso da terra, pecuária, pesca, maricultura ou aquicultura","A.2.1. Medidas que contribuem para a manutenção ou melhoria da produtividade dos sistemas agrícolas, pecuários, pesqueiros, de maricultura ou aquicultura marinha ou continental.",A.2.1.1. Aumento da produção de culturas forrageiras para complementar a dieta proveniente de pastagens cujo nível de qualidade ou quantidade foi afetado pelas alterações climáticas.
"A.2. Agricultura, uso da terra, pecuária, pesca, maricultura ou aquicultura","A.2.1. Medidas que contribuem para a manutenção ou melhoria da produtividade dos sistemas agrícolas, pecuários, pesqueiros, de maricultura ou aquicultura marinha ou continental.","A.2.1.2. Agricultura de conservação para prevenir a perda de terras aráveis e, ao mesmo tempo, regenerar as terras degradadas, promovendo a manutenção de uma cobertura permanente dos solos, o cultivo mínimo das terras e a diversificação das culturas."
"A.2. Agricultura, uso da terra, pecuária, pesca, maricultura ou aquicultura","A.2.1. Medidas que contribuem para a manutenção ou melhoria da produtividade dos sistemas agrícolas, pecuários, pesqueiros, de maricultura ou aquicultura marinha ou continental.","A.2.1.3. Infraestrutura de irrigação nova e/ou reabilitada, ou medidas para a captação e armazenamento de água em áreas rurais. Economia azul sustentável: Classifique quando se tratar de culturas irrigadas com água do mar, sem afetar a qualidade dos solos."
"A.2. Agricultura, uso da terra, pecuária, pesca, maricultura ou aquicultura","A.2.1. Medidas que contribuem para a manutenção ou melhoria da produtividade dos sistemas agrícolas, pecuários, pesqueiros, de maricultura ou aquicultura marinha ou continental.","A.2.1.4. Adoção de técnicas para a pesca, maricultura ou aquicultura sustentáveis. Economia azul sustentável: Classifica-se quando se trata de pesca marinha ou maricultura sustentáveis."
"A.2. Agricultura, uso da terra, pecuária, pesca, maricultura ou aquicultura","A.2.1. Medidas que contribuem para a manutenção ou melhoria da produtividade dos sistemas agrícolas, pecuários, pesqueiros, de maricultura ou aquicultura marinha ou continental.",A.2.1.5. Produção pecuária sustentável baseada em boas práticas para melhorar a produtividade diante dos impactos das mudanças climáticas. Economia azul sustentável: Classifica-se quando se utiliza água do mar ou outros recursos marinhos como suplemento na dieta.
"A.2. Agricultura, uso da terra, pecuária, pesca, maricultura ou aquicultura","A.2.1. Medidas que contribuem para a manutenção ou melhoria da produtividade dos sistemas agrícolas, pecuários, pesqueiros, de maricultura ou aquicultura marinha ou continental.",A.2.1.6. Medidas baseadas em tecnologia que impulsionam a produtividade de uma agricultura inteligente face às alterações climáticas. Economia azul sustentável: Classifique quando se tratar de tecnologias que utilizam água do mar ou recursos genéticos marinhos para uma agricultura mais resiliente às alterações climáticas.
"A.2. Agricultura, uso da terra, pecuária, pesca, maricultura ou aquicultura","A.2.1. Medidas que contribuem para a manutenção ou melhoria da produtividade dos sistemas agrícolas, pecuários, pesqueiros, de maricultura ou aquicultura marinha ou continental.","A.2.1.7. Outras medidas que contribuem para a manutenção ou melhoria da produtividade dos sistemas agrícolas, pecuários, pesqueiros, de maricultura ou aquicultura marinha ou continental. Economia azul sustentável: Classifica quando se trata de outras medidas que contribuem para manter ou melhorar de forma sustentável a produtividade da pesca marinha ou maricultura sustentável."
A.3. Adaptação baseada em ecossistemas,A.3.1. Utilização da biodiversidade e dos serviços ecossistêmicos para reduzir a vulnerabilidade e o risco físico climático.,"A.3.1.1. Melhoria da gestão das encostas nas bacias hidrográficas para se adaptar ao aumento da erosão do solo causada pelas inundações devido ao excesso de chuvas. Economia azul sustentável: Classifica-se quando gera um impacto positivo na zona marinha-costeira, como, por exemplo: mitigar a sedimentação, diminuir a poluição e/ou reduzir os processos erosivos na costa."
A.3. Adaptação baseada em ecossistemas,A.3.1. Utilização da biodiversidade e dos serviços ecossistêmicos para reduzir a vulnerabilidade e o risco físico climático.,"A.3.1.2. Plantação e/ou restauração ecológica de manguezais, pastagens marinhas, corais e/ou vegetação costeira nativa para construir uma barreira natural para se adaptar ao aumento da erosão costeira e/ou limitar a intrusão de água salgada nos solos causada pelo aumento do nível do mar. A atividade é sempre classificada como economia azul sustentável."
A.3. Adaptação baseada em ecossistemas,A.3.1. Utilização da biodiversidade e dos serviços ecossistêmicos para reduzir a vulnerabilidade e o risco físico climático.,"A.3.1.3. Restauração e gestão integral de bacias e sub-bacias hidrográficas. Economia azul sustentável: quando gera um impacto positivo na zona marinha-costeira, como, por exemplo: mitigar a sedimentação, diminuir a poluição e/ou reduzir os processos erosivos na costa."
A.3. Adaptação baseada em ecossistemas,A.3.1. Utilização da biodiversidade e dos serviços ecossistêmicos para reduzir a vulnerabilidade e o risco físico climático.,A.3.1.4. Recuperação e/ou reflorestamento de florestas urbanas que cumprem funções vitais para a sustentabilidade e contribuem para a mitigação do risco climático. Economia azul sustentável: Classificam-se quando se trata de plantações florestais com espécies nativas adaptadas a ambientes marinho-costeiros.
A.3. Adaptação baseada em ecossistemas,A.3.1. Utilização da biodiversidade e dos serviços ecossistêmicos para reduzir a vulnerabilidade e o risco físico climático.,A.3.1.5. Jardins filtrantes em corpos d'água urbanos para reduzir o risco de inundações. Economia azul sustentável: Classificados quando se trata de plantações florestais com espécies nativas adaptadas a ambientes marinhos-costeiros.
A.3. Adaptação baseada em ecossistemas,A.3.1. Utilização da biodiversidade e dos serviços ecossistêmicos para reduzir a vulnerabilidade e o risco físico climático.,A.3.1.6. Investimento em cobertura vegetal para o controle da erosão do solo e redução do risco climático por deslizamentos. Economia azul sustentável: Classificados quando se trata de plantações florestais com espécies nativas adaptadas a ambientes marinhos-costeiros.
A.3. Adaptação baseada em ecossistemas,A.3.1. Utilização da biodiversidade e dos serviços ecossistêmicos para reduzir a vulnerabilidade e o risco físico climático.,"A.3.1.7. Plantações florestais com planos de manejo certificados (ou seja, florestamento e reflorestamento) que contribuam para mitigar o risco de impactos climáticos. Economia azul sustentável: Classificam-se quando se trata de plantações florestais com espécies nativas adaptadas a ambientes marinhos e costeiros."
A.3. Adaptação baseada em ecossistemas,A.3.1. Utilização da biodiversidade e dos serviços ecossistêmicos para reduzir a vulnerabilidade e o risco físico climático.,A.3.1.8. Conservação e/ou recarga de aquíferos ou zonas úmidas. Economia azul sustentável: Classificadas quando se trata de aquíferos ou zonas úmidas costeiras.
A.3. Adaptação baseada em ecossistemas,A.3.1. Utilização da biodiversidade e dos serviços ecossistêmicos para reduzir a vulnerabilidade e o risco físico climático.,A.3.1.9. Outras atividades com uso da biodiversidade e dos serviços ecossistêmicos para reduzir a vulnerabilidade e o risco físico climático. Economia azul sustentável: Classificado quando se trata de biodiversidade ou serviços ecossistêmicos marinhos costeiros.
A.4. Infraestrutura resiliente para a adaptação da população a eventos adversos das mudanças climáticas,"A.4.1. Construção, manutenção ou reabilitação de infraestruturas para fortalecer a resiliência das populações costeiras ou insulares aos impactos das mudanças climáticas.","A.4.1.1. Construção, manutenção ou reabilitação de infraestruturas verdes ou cinzentas, construídas tendo em conta os riscos climáticos, que reforcem a resiliência climática das comunidades costeiras ou insulares. A atividade é sempre classificada como economia azul sustentável."
A.4. Infraestrutura resiliente para a adaptação da população a eventos adversos das mudanças climáticas,"A.4.1. Construção, manutenção ou reabilitação de infraestruturas para fortalecer a resiliência das populações costeiras ou insulares aos impactos das mudanças climáticas.","A.4.1.2. Construção, manutenção ou reabilitação de infraestruturas verdes ou cinzentas, construídas tendo em conta os riscos climáticos, que contribuam para a sustentabilidade dos setores produtivos ou das atividades económicas associadas ao mar. A atividade é sempre classificada como economia azul sustentável."
A.4. Infraestrutura resiliente para a adaptação da população a eventos adversos das mudanças climáticas,"A.4.2. Construção, manutenção e reabilitação de infraestruturas para fortalecer a resiliência das populações continentais.","A.4.2.1. Construção, manutenção ou reabilitação de infraestruturas verdes ou cinzentas, construídas tendo em conta os riscos climáticos, que reforcem a resiliência climática das comunidades. "
A.4. Infraestrutura resiliente para a adaptação da população a eventos adversos das mudanças climáticas,"A.4.3. Construção, manutenção e reabilitação de infraestruturas rodoviárias resilientes que mitiguem o risco climático das comunidades.","A.4.3.1. Construção, manutenção ou reabilitação de estradas, rodovias ou pontes resilientes, que melhorem a inclusão e a conectividade das comunidades rurais e vulneráveis aos centros urbanos, facilitando o acesso a locais de trabalho, centros educacionais e de saúde, bem como o trânsito para outras zonas em caso de eventos climáticos extremos. Economia azul sustentável: Classifique se melhora a inclusão e a conectividade de comunidades costeiras vulneráveis às mudanças climáticas."
A.4. Infraestrutura resiliente para a adaptação da população a eventos adversos das mudanças climáticas,"A.4.3. Construção, manutenção e reabilitação de infraestruturas rodoviárias resilientes que mitiguem o risco climático das comunidades.","A.4.3.2. Projetos de transporte ou infraestrutura rodoviária resiliente que contribuam para a dimensão do acesso à segurança alimentar e nutricional (SAN), melhorando ou garantindo canais adequados de distribuição de alimentos das zonas rurais de produção para os centros urbanos. Economia azul sustentável: Classifica quando contribui para a segurança alimentar e nutricional das comunidades costeiras a partir de cadeias de valor associadas à pesca ou maricultura."
A.5. Infraestrutura social resiliente ou sistemas para a prestação de serviços sociais que proporcionam à população maior capacidade de adaptação ou reduzem sua sensibilidade aos impactos das mudanças climáticas,"A.5.1. Construção, manutenção ou reabilitação de infraestrutura social resiliente.","A.5.1.1. Construção, manutenção ou reabilitação de hospitais ou centros de saúde, que garantam a sustentabilidade do acesso ao serviço médico para comunidades vulneráveis em zonas de médio ou alto risco climático."
A.5. Infraestrutura social resiliente ou sistemas para a prestação de serviços sociais que proporcionam à população maior capacidade de adaptação ou reduzem sua sensibilidade aos impactos das mudanças climáticas,"A.5.1. Construção, manutenção ou reabilitação de infraestrutura social resiliente.","A.5.1.2. Construção, manutenção ou reabilitação de centros educacionais resilientes às mudanças climáticas, que transformem positivamente as condições dos espaços educacionais de nível pré-escolar ou básico, facilitando o acesso, a permanência e a qualidade educacional a comunidades vulneráveis em áreas de médio ou alto risco climático."
A.5. Infraestrutura social resiliente ou sistemas para a prestação de serviços sociais que proporcionam à população maior capacidade de adaptação ou reduzem sua sensibilidade aos impactos das mudanças climáticas,"A.5.1. Construção, manutenção ou reabilitação de infraestrutura social resiliente.",A.5.1.3. Construção de infraestruturas resilientes que permitam o acesso ao serviço básico de eletricidade a comunidades e/ou zonas não interligadas.
A.5. Infraestrutura social resiliente ou sistemas para a prestação de serviços sociais que proporcionam à população maior capacidade de adaptação ou reduzem sua sensibilidade aos impactos das mudanças climáticas,"A.5.1. Construção, manutenção ou reabilitação de infraestrutura social resiliente.","A.5.1.4. Outras atividades de construção, manutenção ou reabilitação de infraestruturas sociais resilientes."
A.5. Infraestrutura social resiliente ou sistemas para a prestação de serviços sociais que proporcionam à população maior capacidade de adaptação ou reduzem sua sensibilidade aos impactos das mudanças climáticas,A.5.2. Investimento em tecnologia e pesquisa para melhorar os serviços sociais prestados a comunidades vulneráveis.,"A.5.2.1. Sistemas de telemedicina que aumentem a cobertura, a governança, a equidade e a eficiência do serviço público de saúde, melhorando o diagnóstico e um sistema de atendimento e acompanhamento 24 horas por dia, 7 dias por semana, de pacientes de comunidades vulneráveis em áreas de médio ou alto risco climático."
A.5. Infraestrutura social resiliente ou sistemas para a prestação de serviços sociais que proporcionam à população maior capacidade de adaptação ou reduzem sua sensibilidade aos impactos das mudanças climáticas,A.5.2. Investimento em tecnologia e pesquisa para melhorar os serviços sociais prestados a comunidades vulneráveis.,"A.5.2.2. Investimento em pesquisa para inovação na área da saúde, com o objetivo de prevenir e mitigar casos de doenças causadas ou agravadas pelas mudanças climáticas."
A.5. Infraestrutura social resiliente ou sistemas para a prestação de serviços sociais que proporcionam à população maior capacidade de adaptação ou reduzem sua sensibilidade aos impactos das mudanças climáticas,A.5.2. Investimento em tecnologia e pesquisa para melhorar os serviços sociais prestados a comunidades vulneráveis.,A.5.2.3. Transformação digital que promova a “tecnologia educacional” em comunidades vulneráveis. 
A.5. Infraestrutura social resiliente ou sistemas para a prestação de serviços sociais que proporcionam à população maior capacidade de adaptação ou reduzem sua sensibilidade aos impactos das mudanças climáticas,A.5.2. Investimento em tecnologia e pesquisa para melhorar os serviços sociais prestados a comunidades vulneráveis.,A.5.2.4. Outros investimentos em tecnologia e transformação digital que fortaleçam a resiliência climática de comunidades vulneráveis.
A.6. Outros temas que fortalecem a capacidade de adaptação,A.6.1. Fortalecimento institucional.,A.6.1.1. Planos Nacionais de Adaptação; Planos Locais de Adaptação; e/ou Planos Nacionais Setoriais de Adaptação.
A.6. Outros temas que fortalecem a capacidade de adaptação,A.6.1. Fortalecimento institucional.,"A.6.1.2. Políticas, planos e estratégias para a prevenção e gestão do risco de desastres diante de eventos climáticos extremos."
A.6. Outros temas que fortalecem a capacidade de adaptação,A.6.1. Fortalecimento institucional.,A.6.1.3. Avaliações de riscos climáticos e/ou vulnerabilidade climática em nível territorial ou setorial.
A.6. Outros temas que fortalecem a capacidade de adaptação,A.6.1. Fortalecimento institucional.,A.6.1.4. Coordenação interinstitucional para o cumprimento de compromissos climáticos e implementação de medidas e/ou projetos para a resiliência.
A.6. Outros temas que fortalecem a capacidade de adaptação,A.6.1. Fortalecimento institucional.,"A.6.1.5. Sistemas de alerta precoce, monitoramento ou plataformas que permitam uma melhor gestão, preparação e fortaleçam a resiliência diante de fenômenos hidrometeorológicos extremos e mudanças nos padrões climáticos."
A.6. Outros temas que fortalecem a capacidade de adaptação,A.6.1. Fortalecimento institucional.,"A.6.1.6. Desenvolvimento de Protocolos Verdes; Taxonomias Nacionais Verdes ou Sustentáveis; concepção ou estruturação de instrumentos financeiros inovadores, ativos ambientais, entre outros; sistemas para a exposição dos Riscos Climáticos Sistêmicos nas carteiras das instituições financeiras; ou outras ferramentas que contribuam para o fortalecimento de Sistemas Financeiros Sustentáveis."
A.6. Outros temas que fortalecem a capacidade de adaptação,A.6.1. Fortalecimento institucional.,"A.6.1.7. Investimentos em transformação digital, abordando o desenvolvimento ou a combinação de avanços (como, por exemplo, a Internet das Coisas, a robotização ou a inteligência artificial) que permitam aplicar soluções inovadoras e eficientes para a adaptação climática."
A.6. Outros temas que fortalecem a capacidade de adaptação,A.6.1. Fortalecimento institucional.,A.6.1.8. Outras atividades de fortalecimento institucional para a adaptação climática.
A.6. Outros temas que fortalecem a capacidade de adaptação,"A.6.2. Apoio orçamentário, incentivos e compensação.",A.6.2.1. Apoio orçamentário específico às autoridades nacionais ou locais para a aplicação da política de adaptação às mudanças climáticas.
A.6. Outros temas que fortalecem a capacidade de adaptação,"A.6.2. Apoio orçamentário, incentivos e compensação.","A.6.2.2. Seguros e outras medidas de proteção financeira destinadas a mitigar as perdas e danos causados por fenómenos associados ou desencadeados pelo clima, particularmente eventos hidrometeorológicos extremos."
A.6. Outros temas que fortalecem a capacidade de adaptação,"A.6.2. Apoio orçamentário, incentivos e compensação.","A.6.2.3. Pagamentos por serviços ecossistêmicos (conservação de fontes de água, florestas e biodiversidade)."
A.6. Outros temas que fortalecem a capacidade de adaptação,"A.6.2. Apoio orçamentário, incentivos e compensação.",A.6.2.4. Ações destinadas a aumentar a participação do setor privado em processos de investimento ou financiamento climático em diferentes setores.
A.6. Outros temas que fortalecem a capacidade de adaptação,"A.6.2. Apoio orçamentário, incentivos e compensação.","A.6.2.5. Linhas de crédito ou fundos geridos a partir de bancos de desenvolvimento nacionais ou outro tipo de instituições com capacidade fiduciária, com o objetivo de beneficiar pequenos e médios produtores vulneráveis às alterações climáticas."
A.6. Outros temas que fortalecem a capacidade de adaptação,"A.6.2. Apoio orçamentário, incentivos e compensação.",A.6.2.6. Linhas de crédito para a gestão do risco de desastres climáticos.
A.6. Outros temas que fortalecem a capacidade de adaptação,"A.6.2. Apoio orçamentário, incentivos e compensação.","A.6.2.7. Outras atividades de apoio orçamentário, incentivos e compensação e mercados de ativos ambientais."
A.6. Outros temas que fortalecem a capacidade de adaptação,A.6.3. Capacidades e gestão do conhecimento sobre o risco climático e a adaptação.,"A.6.3.1. Adaptação e resiliência de infraestruturas, sistemas socioeconómicos e ecossistemas."
A.6. Outros temas que fortalecem a capacidade de adaptação,A.6.3. Capacidades e gestão do conhecimento sobre o risco climático e a adaptação.,A.6.3.2. Abordagem de resiliência climática em qualquer campo da gestão pública.
A.6. Outros temas que fortalecem a capacidade de adaptação,A.6.3. Capacidades e gestão do conhecimento sobre o risco climático e a adaptação.,A.6.3.3. Cadeias de valor resilientes em sistemas produtivos.
A.6. Outros temas que fortalecem a capacidade de adaptação,A.6.3. Capacidades e gestão do conhecimento sobre o risco climático e a adaptação.,A.6.3.4. Componentes de adaptação em diversos tipos de projetos e setores para que contribuam para a resiliência.
A.6. Outros temas que fortalecem a capacidade de adaptação,A.6.3. Capacidades e gestão do conhecimento sobre o risco climático e a adaptação.,"A.6.3.5. Conservação ou recuperação do patrimônio cultural englobado nos conhecimentos tradicionais ou ancestrais; expressão da criatividade, valores, crenças, entre outros."
A.6. Outros temas que fortalecem a capacidade de adaptação,A.6.3. Capacidades e gestão do conhecimento sobre o risco climático e a adaptação.,A.6.3.6. Financiamento e/ou instrumentos financeiros para a adaptação às mudanças climáticas.
A.6. Outros temas que fortalecem a capacidade de adaptação,A.6.3. Capacidades e gestão do conhecimento sobre o risco climático e a adaptação.,A.6.3.7. Outros temas destinados a reforçar capacidades e gestão do conhecimento sobre risco climático e adaptação.
B.1. Sustentabilidade e proteção dos recursos hídricos,"B.1.1. Conservação da água. Economia azul sustentável: Classifica quando a ação é realizada no mar, lagoas costeiras, pântanos ou estuários.",B.1.1.1. Restauração e gestão integral de bacias hidrográficas e sub-bacias hidrográficas.
B.1. Sustentabilidade e proteção dos recursos hídricos,"B.1.1. Conservação da água. Economia azul sustentável: Classifica quando a ação é realizada no mar, lagoas costeiras, pântanos ou estuários.","B.1.1.2. Investimento em remediação, recuperação e/ou descontaminação de corpos d'água superficiais ou subterrâneos."
B.1. Sustentabilidade e proteção dos recursos hídricos,"B.1.1. Conservação da água. Economia azul sustentável: Classifica quando a ação é realizada no mar, lagoas costeiras, pântanos ou estuários.",B.1.1.3. Monitoramento e controle da qualidade da água.
B.1. Sustentabilidade e proteção dos recursos hídricos,"B.1.1. Conservação da água. Economia azul sustentável: Classifica quando a ação é realizada no mar, lagoas costeiras, pântanos ou estuários.","B.1.1.4. Restauração de aquíferos, zonas úmidas, páramos ou permafrost."
B.1. Sustentabilidade e proteção dos recursos hídricos,B.1.2. Abastecimento de água.,"B.1.2.1. Abastecimento, distribuição de água ou expansão da rede que demonstrem uma avaliação da capacidade da fonte e, se necessário, considerem medidas compensatórias para a recarga de aquíferos. Economia azul sustentável: Classifica-se quando a fonte de capacitação é o mar ou poços costeiros e são implementados processos de dessalinização ou equivalentes."
B.1. Sustentabilidade e proteção dos recursos hídricos,B.1.2. Abastecimento de água.,B.1.2.2. Redução de perdas em sistemas de distribuição e armazenamento.
B.1. Sustentabilidade e proteção dos recursos hídricos,B.1.2. Abastecimento de água.,B.1.2.3. Modernização e eficiência em sistemas de irrigação e drenagem agrícola.
B.1. Sustentabilidade e proteção dos recursos hídricos,B.1.3. Águas residuais. Economia azul sustentável: Classifica se a gestão das águas residuais contribui para prevenir ou mitigar a poluição marinha.,B.1.3.1. Estações de tratamento de águas residuais com padrões de efluentes que garantam a saúde dos ecossistemas no corpo de água receptor.
B.1. Sustentabilidade e proteção dos recursos hídricos,B.1.3. Águas residuais. Economia azul sustentável: Classifica se a gestão das águas residuais contribui para prevenir ou mitigar a poluição marinha.,"B.1.3.2. Captação, condução e melhoria da qualidade das águas residuais em áreas urbanas ou rurais."
B.1. Sustentabilidade e proteção dos recursos hídricos,B.1.3. Águas residuais. Economia azul sustentável: Classifica se a gestão das águas residuais contribui para prevenir ou mitigar a poluição marinha.,"B.1.3.3. Sistemas de drenagem sustentáveis, como jardins filtrantes em corpos d'água para reduzir a carga poluente."
B.1. Sustentabilidade e proteção dos recursos hídricos,B.1.3. Águas residuais. Economia azul sustentável: Classifica se a gestão das águas residuais contribui para prevenir ou mitigar a poluição marinha.,"B.1.3.4. Inovação tecnológica ou de gestão no ciclo das águas residuais, como a reutilização de águas tratadas ou a recarga de aquíferos."
B.1. Sustentabilidade e proteção dos recursos hídricos,B.1.3. Águas residuais. Economia azul sustentável: Classifica se a gestão das águas residuais contribui para prevenir ou mitigar a poluição marinha.,B.1.3.5. Monitoramento e controle da qualidade da água.
B.2. Proteção e restauração da biodiversidade e dos ecossistemas,B.2.1. Conservação e restauração de ecossistemas terrestres estratégicos.,B.2.1.1. Conservação de florestas e outros ecossistemas terrestres estratégicos.
B.2. Proteção e restauração da biodiversidade e dos ecossistemas,B.2.1. Conservação e restauração de ecossistemas terrestres estratégicos.,B.2.1.2. Recuperação de ecossistemas terrestres estratégicos previamente degradados por atividades produtivas ou outros usos.
B.2. Proteção e restauração da biodiversidade e dos ecossistemas,B.2.1. Conservação e restauração de ecossistemas terrestres estratégicos.,"B.2.1.3. Remediação de solos superexplorados (por exemplo, agricultura, mineração ou outras causas). Descontaminação de solos de materiais tóxicos (ou seja, além do exigido por lei, resultado de compensação por derramamentos irregulares)."
B.2. Proteção e restauração da biodiversidade e dos ecossistemas,B.2.1. Conservação e restauração de ecossistemas terrestres estratégicos.,"B.2.1.4. Reflorestamento ou arborização urbana voltada para melhorar a qualidade do ar, a saúde ambiental ou regular a temperatura."
B.2. Proteção e restauração da biodiversidade e dos ecossistemas,B.2.1. Conservação e restauração de ecossistemas terrestres estratégicos.,"B.2.1.5. Monitoramento, controle e vigilância de ecossistemas estratégicos (por exemplo, monitoramento de fatores que afetam a perda de biodiversidade, como desmatamento, incêndios, invasão de espécies introduzidas, entre outros)."
B.2. Proteção e restauração da biodiversidade e dos ecossistemas,B.2.1. Conservação e restauração de ecossistemas terrestres estratégicos.,B.2.1.6. Restauração de áreas degradadas (solos degradados) e/ou regeneração da fertilidade do solo.
B.2. Proteção e restauração da biodiversidade e dos ecossistemas,B.2.1. Conservação e restauração de ecossistemas terrestres estratégicos.,"B.2.1.7. Ecoturismo ou turismo de impacto neutro ou positivo na biodiversidade de áreas protegidas, que promova benefícios para as comunidades locais."
B.2. Proteção e restauração da biodiversidade e dos ecossistemas,B.2.1. Conservação e restauração de ecossistemas terrestres estratégicos.,B.2.1.8. Investimento em cobertura vegetal para o controle da erosão do solo e redução de desastres por deslizamentos.
B.2. Proteção e restauração da biodiversidade e dos ecossistemas,"B.2.2. Agricultura, silvicultura e outros usos sustentáveis do solo.","B.2.2.1. Plantações florestais com planos de manejo certificados (ou seja, florestamento e reflorestamento)."
B.2. Proteção e restauração da biodiversidade e dos ecossistemas,"B.2.2. Agricultura, silvicultura e outros usos sustentáveis do solo.","B.2.2.2. Ecoeficiência na cadeia de valor dos produtos florestais, tanto madeireiros como não madeireiros."
B.2. Proteção e restauração da biodiversidade e dos ecossistemas,"B.2.2. Agricultura, silvicultura e outros usos sustentáveis do solo.",B.2.2.3. Implementação de usos mistos de agrossilvicultura e/ou agrosilvopastoril. Produção pecuária sustentável.
B.2. Proteção e restauração da biodiversidade e dos ecossistemas,"B.2.2. Agricultura, silvicultura e outros usos sustentáveis do solo.",B.2.2.4. Agricultura local e hortas urbanas.
B.2. Proteção e restauração da biodiversidade e dos ecossistemas,"B.2.2. Agricultura, silvicultura e outros usos sustentáveis do solo.",B.2.2.5. Nivelamento de solos para otimização do uso da água na agricultura irrigada.
B.2. Proteção e restauração da biodiversidade e dos ecossistemas,B.2.3. Ecossistemas marinhos costeiros. Sempre se qualificam como economia azul sustentável.,B.2.3.1. Prevenção de derramamentos/poluição no oceano ou em outros ecossistemas marinhos.
B.2. Proteção e restauração da biodiversidade e dos ecossistemas,B.2.3. Ecossistemas marinhos costeiros. Sempre se qualificam como economia azul sustentável.,"B.2.3.2. Conservação e/ou restauração de manguezais, pastagens marinhas e/ou recifes de coral. Sempre se qualificam como economia azul sustentável."
B.2. Proteção e restauração da biodiversidade e dos ecossistemas,B.2.3. Ecossistemas marinhos costeiros. Sempre se qualificam como economia azul sustentável.,B.2.3.3. Ecoturismo costeiro e/ou marinho.
B.2. Proteção e restauração da biodiversidade e dos ecossistemas,B.2.3. Ecossistemas marinhos costeiros. Sempre se qualificam como economia azul sustentável.,B.2.3.4. Indústria pesqueira e aquicultura.
B.3. Prevenção e controle da poluição,B.3.1. Ar.,B.3.1.1. Investimento em instalações novas ou existentes de sistemas de tratamento ou filtragem de emissões. Sistema de lavadores de gases/tratamento para controle da poluição do ar.
B.3. Prevenção e controle da poluição,B.3.1. Ar.,B.3.1.2. Estações de monitoramento da qualidade do ar.
B.3. Prevenção e controle da poluição,B.3.2. Controle da poluição industrial. Economia azul sustentável: Classifique quando gerar um impacto positivo sobre o oceano ou o ecossistema costeiro.,"B.3.2.1. Redução de poluentes líquidos, sólidos e atmosféricos da indústria."
B.3. Prevenção e controle da poluição,B.3.3. Gestão de resíduos. Economia azul sustentável: Classifica quando gera um impacto positivo sobre o oceano ou o ecossistema costeiro.,"B.3.3.1. Sistemas de coleta, transporte, transferência, classificação, reciclagem, reutilização ou disposição final de resíduos sólidos. "
B.3. Prevenção e controle da poluição,B.3.3. Gestão de resíduos. Economia azul sustentável: Classifica quando gera um impacto positivo sobre o oceano ou o ecossistema costeiro.,B.3.3.2. Sistemas de coleta de resíduos plásticos em oceanos ou outros corpos d'água receptores.
B.3. Prevenção e controle da poluição,B.3.3. Gestão de resíduos. Economia azul sustentável: Classifica quando gera um impacto positivo sobre o oceano ou o ecossistema costeiro.,"B.3.3.3. Atividades de economia circular voltadas para a redução, redesenho e reutilização de materiais/resíduos (ou seja, construção, infraestrutura, processos industriais, entre outros)."
B.4. Outros temas transversais de meio ambiente e biodiversidade,B.4.1. Fortalecimento institucional.,"B.4.1.1. Gestão sustentável dos recursos naturais (por exemplo, ecossistemas, recursos hídricos, florestas, solos, recursos pesqueiros, biodiversidade, etc.)."
B.4. Outros temas transversais de meio ambiente e biodiversidade,B.4.1. Fortalecimento institucional.,B.4.1.2. Ordenamento territorial e planejamento urbano orientado para o uso sustentável de recursos e energia.
B.4. Outros temas transversais de meio ambiente e biodiversidade,B.4.1. Fortalecimento institucional.,B.4.1.3. Outros temas relacionados à proteção dos recursos naturais e à conservação da biodiversidade. 
B.4. Outros temas transversais de meio ambiente e biodiversidade,B.4.1. Fortalecimento institucional.,B.4.1.4. Apoio orçamentário específico às autoridades nacionais ou locais para a aplicação de políticas de valorização do capital natural ou conservação da biodiversidade.
B.4. Outros temas transversais de meio ambiente e biodiversidade,"B.4.2. Apoio orçamentário, incentivos e compensação.",B.4.2.1. Geração e/ou pagamento por serviços ecossistêmicos.
B.4. Outros temas transversais de meio ambiente e biodiversidade,B.4.3. Capacidades e gestão do conhecimento.,B.4.3.1. Outros temas relacionados à proteção dos recursos naturais e conservação da biodiversidade.
M.1. Energia,"M.1.1. Geração de energia renovável. Economia Azul Sustentável: Classifica quando se trata de energias renováveis marinhas, tais como: eólica marinha, solar fotovoltaica flutuante, maremotriz, térmica oceânica, gradiente salino e ondulatória.","M.1.1.1. Geração de energia renovável com baixas emissões de GEE para fornecer eletricidade, aquecimento, energia mecânica ou refrigeração."
M.1. Energia,"M.1.1. Geração de energia renovável. Economia Azul Sustentável: Classifica quando se trata de energias renováveis marinhas, tais como: eólica marinha, solar fotovoltaica flutuante, maremotriz, térmica oceânica, gradiente salino e ondulatória.","M.1.1.2. Utilização conjunta de energias renováveis e combustíveis fósseis para o fornecimento de eletricidade, calor, energia mecânica ou refrigeração."
M.1. Energia,M.1.2. Energia com baixas emissões de carbono.,"M.1.2.1. Produção, armazenamento ou uso de hidrogênio com baixas emissões de carbono. Economia Azul Sustentável: Classifica quando o hidrogênio é gerado a partir da água do mar ou de aquíferos costeiros."
M.1. Energia,M.1.2. Energia com baixas emissões de carbono.,"M.1.2.2. Instalações existentes - Substituição de combustíveis fósseis com alto teor de carbono por combustíveis e fontes de energia com baixas emissões de carbono para fornecer eletricidade, calor, energia mecânica ou refrigeração."
M.1. Energia,M.1.2. Energia com baixas emissões de carbono.,"M.1.2.3. Utilização de gases residuais como matéria-prima ou combustível para fornecer eletricidade, calor, energia mecânica ou refrigeração."
M.1. Energia,M.1.3. Armazenamento de energia e estabilidade da rede.,M.1.3.1. Armazenamento de energia ou medidas para melhorar a estabilidade da rede que aumentem a participação de energia no sistema com baixas emissões de carbono.
M.1. Energia,M.1.4. Transporte de energia.,M.1.4.1. Nova infraestrutura de transmissão ou distribuição que aumenta a participação da eletricidade com baixas emissões de carbono.
M.1. Energia,M.1.4. Transporte de energia.,M.1.4.2. Sistemas de alta eficiência energética para a transmissão ou distribuição de energia para refrigeração ou aquecimento.
M.1. Energia,M.1.4. Transporte de energia.,"M.1.4.3. Melhoria da eficiência energética em instalações existentes ou redução das emissões de CO2e nos sistemas existentes de transmissão ou distribuição de eletricidade, calor ou gás."
M.1. Energia,M.1.4. Transporte de energia.,"M.1.4.4. Redução das perdas técnicas na transmissão e distribuição de eletricidade, calor ou gás; ou medidas destinadas à gestão da demanda."
M.1. Energia,M.1.5. Emissões fugitivas.,M.1.5.1. Redução das emissões fugitivas de GEE em infraestruturas existentes de transporte ou armazenamento de energia.
M.2. Mineração e produção metalúrgica para a ação climática,M.2.1. Mineração para a ação climática.,M.2.1.1. Projetos que apoiem a extração de minerais de uso frequente ou críticos para a energia renovável; tecnologias que aumentem a eficiência energética; ou outras tecnologias de baixo carbono ou materiais e produtos com baixas emissões de GEE incorporadas.
M.2. Mineração e produção metalúrgica para a ação climática,M.2.2. Produção metalúrgica para a ação climática.,M.2.2.1. Projetos que apoiem a produção de metais ou ligas de uso frequente ou críticos para a energia renovável; tecnologias que aumentem a eficiência energética; ou outras tecnologias de baixo carbono ou materiais e produtos com baixas emissões de GEE.
M.3. Manufatura,"M.3.1. Eficiência energética e de carbono. Economia Azul Sustentável: Classifica quando se melhora a eficiência energética em infraestruturas e setores econômicos associados à zona costeira e/ou ao mar (ou seja, portos, etc.).",M.3.1.1. Melhoria da eficiência energética em instalações existentes.
M.3. Manufatura,"M.3.1. Eficiência energética e de carbono. Economia Azul Sustentável: Classifica quando se melhora a eficiência energética em infraestruturas e setores econômicos associados à zona costeira e/ou ao mar (ou seja, portos, etc.).",M.3.1.2. Novas instalações de manufatura altamente eficientes ou com baixas emissões de carbono; ou equipamentos ou linhas de produção em indústrias existentes.
M.3. Manufatura,"M.3.1. Eficiência energética e de carbono. Economia Azul Sustentável: Classifica quando se melhora a eficiência energética em infraestruturas e setores econômicos associados à zona costeira e/ou ao mar (ou seja, portos, etc.).","M.3.1.3. Modernização da infraestrutura industrial existente que permita evitar os GEI industriais, uma mudança para GEI industriais com menor potencial de aquecimento global ou implementar tecnologias ou práticas que minimizem as fugas de GEI."
M.3. Manufatura,"M.3.1. Eficiência energética e de carbono. Economia Azul Sustentável: Classifica quando se melhora a eficiência energética em infraestruturas e setores econômicos associados à zona costeira e/ou ao mar (ou seja, portos, etc.).","M.3.1.4. Melhorias nos processos industriais existentes, novos processos ou soluções tecnológicas de fabricação avançadas, que levem a uma redução do consumo ou a uma redução no desperdício de recursos não energéticos por meio de mudanças nos processos ou nos insumos dos processos."
M.3. Manufatura,M.3.2. Geração de energia com baixas emissões de carbono.,"M.3.2.1. Conversão de sistemas existentes baseados em um tipo de energia para sistemas de geração conjunta ou fornecimento para uso de eletricidade, calor, energia mecânica, refrigeração ou dessalinização."
M.3. Manufatura,M.3.2. Geração de energia com baixas emissões de carbono.,M.3.2.2. Produção ou uso de hidrogênio com baixo teor de carbono.
M.3. Manufatura,M.3.2. Geração de energia com baixas emissões de carbono.,"M.3.2.3. Utilização de gases residuais como matéria-prima ou como combustível para fornecer eletricidade, calor, energia mecânica ou refrigeração."
M.3. Manufatura,M.3.3. Eletrificação.,"M.3.3.1. Substituição de equipamentos ou processos baseados em combustíveis fósseis por alternativas elétricas em instalações industriais existentes. Economia Azul Sustentável: Classifica-se quando contribui para reduzir, de forma comprovada, o impacto dos combustíveis fósseis nos ecossistemas marinhos."
M.3. Manufatura,M.3.4. Armazenamento de energia.,M.3.4.1. Armazenamento de energia ou soluções inteligentes em escala industrial para aumentar a integração de energia com baixas emissões de carbono ou o uso de energia anteriormente desperdiçada.
M.3. Manufatura,M.3.5. Apoio ao desenvolvimento com baixas emissões de carbono.,"M.3.5.1. Projetos que apoiem a produção de componentes, equipamentos ou infraestruturas dedicados exclusivamente à utilização de energias renováveis, à melhoria da eficiência energética ou a outras tecnologias com baixas emissões de carbono."
"M.4. Agricultura, silvicultura, uso da terra e pesca","M.4.1. Agricultura: eficiência energética, sequestro de carbono, redução das emissões de GEE.",M.4.1.1. Redução do consumo de energia nas operações.
"M.4. Agricultura, silvicultura, uso da terra e pesca","M.4.1. Agricultura: eficiência energética, sequestro de carbono, redução das emissões de GEE.",M.4.1.2. Projetos agrícolas que contribuam para aumentar as reservas de carbono no solo ou evitar a perda de carbono do solo através de medidas de controlo da erosão.
"M.4. Agricultura, silvicultura, uso da terra e pesca","M.4.1. Agricultura: eficiência energética, sequestro de carbono, redução das emissões de GEE.",M.4.1.3. Redução das emissões de gases de efeito estufa diferentes do CO2 decorrentes de práticas ou tecnologias agrícolas.
"M.4. Agricultura, silvicultura, uso da terra e pesca","M.4.2. Pecuária: redução das emissões de GEE, sequestro de carbono.",M.4.2.1. Projetos que reduzam as emissões de metano ou outras emissões de GEE da pecuária.
"M.4. Agricultura, silvicultura, uso da terra e pesca","M.4.2. Pecuária: redução das emissões de GEE, sequestro de carbono.",M.4.2.2. Projetos de pecuária que melhoram o sequestro de carbono por meio do manejo de pastagens.
"M.4. Agricultura, silvicultura, uso da terra e pesca",M.4.3. Silvicultura: redução das emissões de GEE e sequestro de carbono.,"M.4.3.1. Projetos florestais ou agroflorestais que sequestram carbono por meio do manejo florestal sustentável, evitando o desmatamento ou a degradação da terra."
"M.4. Agricultura, silvicultura, uso da terra e pesca",M.4.4. Habitats marinhos e outros habitats aquáticos: redução das emissões de GEE. Economia Azul Sustentável: Classifique quando se tratar de projetos que envolvam habitats ou ecossistemas marinhos e costeiros.,M.4.4.1. Projetos que reduzam as emissões de GEE decorrentes da degradação dos ecossistemas marinhos ou outros ecossistemas aquáticos.
"M.4. Agricultura, silvicultura, uso da terra e pesca","M.4.5. Pesca e aquicultura: redução das emissões de GEE. Economia Azul Sustentável: Classifique se se trata de projetos de pesca ou maricultura localizados no mar, lagoas costeiras, estuários ou pântanos.",M.4.5.1. Projetos que reduzam a intensidade de CO2e na pesca ou na aquicultura.
"M.4. Agricultura, silvicultura, uso da terra e pesca",M.4.6. Alimentação e dieta: eficiência no uso dos recursos.,"M.4.6.1. Projetos que reduzam as perdas ou o desperdício de alimentos, ou que promovam dietas com baixo teor de carbono."
"M.4. Agricultura, silvicultura, uso da terra e pesca",M.4.7. Redução de GEE através da produção de biomateriais.,M.4.7.1. Projetos que contribuam para a redução das emissões de GEE através da produção de biomateriais/bioenergia a partir de biomassa.
M.5. Abastecimento de água e gestão de águas residuais,"M.5.1. Abastecimento de água: redução das emissões de GEE, eficiência energética e gestão da demanda.",M.5.1.1. Melhoria da eficiência energética em sistemas existentes de abastecimento de água através da implantação de tecnologias ou equipamentos de baixo consumo energético; promoção de melhores práticas de auditoria; ou redução de perdas de água.
M.5. Abastecimento de água e gestão de águas residuais,"M.5.1. Abastecimento de água: redução das emissões de GEE, eficiência energética e gestão da demanda.",M.5.1.2. Projetos novos ou existentes de abastecimento de água com baixas emissões de carbono que substituam o uso de cisternas ou mecanismos rudimentares de armazenamento de água por um sistema de abastecimento de água por tubulação.
M.5. Abastecimento de água e gestão de águas residuais,"M.5.1. Abastecimento de água: redução das emissões de GEE, eficiência energética e gestão da demanda.",M.5.1.3. Novos projetos de abastecimento de água que cumpram elevados padrões de eficiência energética ou que façam uso da gestão da demanda.
M.5. Abastecimento de água e gestão de águas residuais,"M.5.1. Abastecimento de água: redução das emissões de GEE, eficiência energética e gestão da demanda.","M.5.1.4. Projetos de abastecimento de água em áreas novas ou existentes que promovam uma melhor operação e manutenção para reduzir as perdas de água, incentivar a economia de energia ou cumprir ou superar as metas de tratamento de águas residuais."
M.5. Abastecimento de água e gestão de águas residuais,"M.5.2. Gestão de águas residuais: redução das emissões de GEE, eficiência energética e gestão da demanda.","M.5.2.1. Novos projetos que reduzam as emissões de metano ou óxido nitroso através da recolha e tratamento de águas residuais, estrume ou resíduos sépticos."
M.5. Abastecimento de água e gestão de águas residuais,"M.5.2. Gestão de águas residuais: redução das emissões de GEE, eficiência energética e gestão da demanda.",M.5.2.2. Projetos de águas residuais em instalações existentes que reduzam as emissões por meio de melhorias na eficiência energética ou nos objetivos de tratamento.
M.5. Abastecimento de água e gestão de águas residuais,"M.5.2. Gestão de águas residuais: redução das emissões de GEE, eficiência energética e gestão da demanda.","M.5.2.3. Projetos de melhoria de latrinas ou coleta de águas residuais, dejetos animais ou resíduos sépticos em instalações novas ou existentes."
M.5. Abastecimento de água e gestão de águas residuais,M.5.3. Utilização eficiente das águas residuais.,M.5.3.1. Reutilização de águas residuais.
M.6. Manejo e gestão de resíduos sólidos,"M.6.1. Recolha, transporte, armazenamento e transferência de resíduos.",M.6.1.1. Recolha seletiva e transporte de frações de resíduos segregados na origem.
M.6. Manejo e gestão de resíduos sólidos,"M.6.1. Recolha, transporte, armazenamento e transferência de resíduos.","M.6.1.2. Armazenamento temporário, aumento de volume ou transferência de frações de resíduos coletados separadamente e separados na origem."
M.6. Manejo e gestão de resíduos sólidos,M.6.2. Reutilização de produtos e recuperação de materiais a partir de resíduos sólidos.,M.6.2.1. Reparação e recondicionamento de produtos ou componentes de produtos para permitir a sua reutilização.
M.6. Manejo e gestão de resíduos sólidos,M.6.2. Reutilização de produtos e recuperação de materiais a partir de resíduos sólidos.,M.6.2.2. Recuperação de materiais a partir de resíduos recolhidos seletivamente por meio de processos mecânicos.
M.6. Manejo e gestão de resíduos sólidos,M.6.2. Reutilização de produtos e recuperação de materiais a partir de resíduos sólidos.,M.6.2.3. Recuperação de materiais a partir de resíduos recolhidos seletivamente ou pré-classificados através de processos não mecânicos.
M.6. Manejo e gestão de resíduos sólidos,M.6.3. Recuperação e valorização de biorresíduos.,M.6.3.1. Digestão anaeróbica de biorresíduos recolhidos seletivamente.
M.6. Manejo e gestão de resíduos sólidos,M.6.3. Recuperação e valorização de biorresíduos.,M.6.3.2. Compostagem de biorresíduos recolhidos seletivamente.
M.6. Manejo e gestão de resíduos sólidos,M.6.3. Recuperação e valorização de biorresíduos.,M.6.3.3. Outros tipos de recuperação e valorização de biorresíduos.
M.6. Manejo e gestão de resíduos sólidos,M.6.4. Tratamento de resíduos misturados.,M.6.4.1. Tratamento mecânico ou biológico de resíduos mistos.
M.6. Manejo e gestão de resíduos sólidos,M.6.4. Tratamento de resíduos misturados.,"M.6.4.2. Incineração de resíduos com recuperação de energia (conversão de resíduos em energia) a partir de resíduos mistos, RDF (Combustível Derivado de Resíduos) ou SRF (Combustível Sólido Recuperado)."
M.6. Manejo e gestão de resíduos sólidos,"M.6.5. Captura, redução e utilização de gases de aterro sanitário/deposição.","M.6.5.1. Captura, redução ou utilização de gases de aterro sanitário como parte do encerramento de antigos aterros, células de aterro ou lixões."
M.6. Manejo e gestão de resíduos sólidos,"M.6.5. Captura, redução e utilização de gases de aterro sanitário/deposição.","M.6.5.2. Captura, redução ou utilização de gases de aterro sanitário em novos aterros sanitários ou células de aterros sanitários existentes."
M.6. Manejo e gestão de resíduos sólidos,M.6.6. Eficiência energética.,M.6.6.1. Projetos em instalações existentes destinados a melhorar a eficiência energética em instalações de gestão de resíduos.
M.7. Transporte,M.7.1. Transporte urbano e rural.,M.7.1.1. Projetos de transporte público urbano e rural.
M.7. Transporte,M.7.1. Transporte urbano e rural.,M.7.1.2. Transporte não motorizado (TNM) ou sistemas de compartilhamento de bicicletas.
M.7. Transporte,M.7.2. Transporte interurbano com baixas emissões de carbono.,M.7.2.1. Projetos ferroviários interurbanos para mercadorias ou passageiros.
M.7. Transporte,M.7.2. Transporte interurbano com baixas emissões de carbono.,M.7.2.2. Transporte público de passageiros ou ônibus.
M.7. Transporte,M.7.3. Veículos e combustíveis com baixas emissões de carbono e gestão da demanda.,M.7.3.1. Frotas de passageiros ou de carga ou infraestruturas associadas com emissões diretas nulas ou baixas.
M.7. Transporte,M.7.3. Veículos e combustíveis com baixas emissões de carbono e gestão da demanda.,M.7.3.2. Operações de transporte que utilizam biocombustíveis ou combustíveis sintéticos com baixas emissões de GEE no seu ciclo de vida.
M.7. Transporte,M.7.3. Veículos e combustíveis com baixas emissões de carbono e gestão da demanda.,M.7.3.3. Política de gestão da demanda de transporte ou sistemas inteligentes de transporte (STI) associados.
M.7. Transporte,M.7.3. Veículos e combustíveis com baixas emissões de carbono e gestão da demanda.,M.7.3.4. Utilização de gases residuais como combustível para o transporte.
M.7. Transporte,"M.7.4. Transporte aquático: modo de baixo carbono e melhoria da eficiência. Economia Azul Sustentável: Classifica quando a atividade reduz emissões e poluentes, melhora a eficiência energética e preserva os ecossistemas marinhos.","M.7.4.1. Projetos de transporte aquático de carga ou passageiros, ou melhoria da eficiência."
M.7. Transporte,"M.7.5. Aviação e transporte aquático: eficiência e energias renováveis. Economia Azul Sustentável: Classifica quando a atividade reduz emissões e poluentes, melhora a eficiência energética e preserva os ecossistemas marinhos.",M.7.5.1. Gestão eficiente do tráfego aéreo e aquático.
M.7. Transporte,"M.7.5. Aviação e transporte aquático: eficiência e energias renováveis. Economia Azul Sustentável: Classifica quando a atividade reduz emissões e poluentes, melhora a eficiência energética e preserva os ecossistemas marinhos.",M.7.5.2. Operações eficientes do sistema portuário (aéreo e aquático) ou geração de energia renovável no local.
M.8. Eficiência energética do uso final em edifícios ou equipamentos,"M.8.1. Eficiência energética, energias renováveis, redução das emissões de CO2e e sumidouros de carbono em edifícios e espaços públicos.","M.8.1.1. Medidas que reduzam o consumo líquido de energia, o consumo de recursos ou as emissões de CO2e, ou que aumentem os sumidouros de carbono de origem vegetal em edifícios de zonas novas, existentes ou terrenos associados."
M.8. Eficiência energética do uso final em edifícios ou equipamentos,"M.8.1. Eficiência energética, energias renováveis, redução das emissões de CO2e e sumidouros de carbono em edifícios e espaços públicos.","M.8.1.2. Medidas que reduzam o consumo líquido de energia, o consumo de recursos ou as emissões de CO2e, ou medidas que aumentem os sumidouros de carbono de origem vegetal em edifícios novos ou modernizados e terrenos associados, que permitam cumprir as normas de certificação."
M.8. Eficiência energética do uso final em edifícios ou equipamentos,"M.8.1. Eficiência energética, energias renováveis, redução das emissões de CO2e e sumidouros de carbono em edifícios e espaços públicos.","M.8.1.3. Medidas que reduzam o consumo líquido de energia, o consumo de recursos ou as emissões de CO2e, ou que aumentem os sumidouros de carbono de origem vegetal em zonas ou instalações públicas."
M.8. Eficiência energética do uso final em edifícios ou equipamentos,M.8.2. Eficiência energética do uso final em equipamentos.,M.8.2.1. Melhoria da eficiência energética em instalações existentes ou redução das emissões de CO2e em eletrodomésticos ou equipamentos existentes.
M.8. Eficiência energética do uso final em edifícios ou equipamentos,M.8.2. Eficiência energética do uso final em equipamentos.,M.8.2.2. Equipamentos novos ou substituição por equipamentos de alta eficiência energética.
M.9. Tecnologia da Informação e Comunicações (TIC) e tecnologias digitais,"M.9.1. Eficiência energética, energias renováveis e redução das emissões de CO2e.","M.9.1.1. Melhoria da eficiência energética, implementação de energias renováveis ou redução das emissões de CO2e em centros de dados existentes."
M.9. Tecnologia da Informação e Comunicações (TIC) e tecnologias digitais,"M.9.1. Eficiência energética, energias renováveis e redução das emissões de CO2e.",M.9.1.2. Centros de dados totalmente novos que cumpram as melhores práticas internacionais em matéria de eficiência energética ou que sejam alimentados em grande parte por energia renovável gerada no local.
M.9. Tecnologia da Informação e Comunicações (TIC) e tecnologias digitais,"M.9.1. Eficiência energética, energias renováveis e redução das emissões de CO2e.",M.9.1.3. Redes de telecomunicações com níveis de eficiência energética que cumpram as melhores práticas internacionais.
"M.10. Investigação, desenvolvimento e inovação","M.10.1. Pesquisa, desenvolvimento e inovação. Economia Azul Sustentável: Classifica quando se trata de pesquisa, desenvolvimento ou inovação que envolva recursos marinhos-costeiros.","M.10.1.1. Pesquisa ou desenvolvimento de energias renováveis, melhoria da eficiência energética, tecnologias de baixo carbono ou outras tecnologias instrumentais para alcançar a descarbonização total."
M.11. Atividades intersetoriais,M.11.1. Eficiência no uso de energia e recursos.,"M.11.1.1. Uma atividade que permite reduzir o uso de energia ou materiais ao longo de uma cadeia de abastecimento (a montante ou a jusante) através de melhorias na eficiência energética ou na eficiência do uso de recursos na cadeia de abastecimento existente, através da mudança para uma cadeia de abastecimento menos intensiva em carbono ou através da implementação de sistemas de economia circular."
M.11. Atividades intersetoriais,M.11.2. Redução da demanda.,M.11.2.1. Uma atividade orientada para a gestão da demanda.
M.11. Atividades intersetoriais,M.11.3. Prestação eletrônica de serviços.,"M.11.3.1. Digitalização da prestação de serviços ou das operações internas, o que implica uma redução substancial das deslocações ou da utilização de materiais e matérias-primas."
M.11. Atividades intersetoriais,M.11.4. Transição energética.,"M.11.4.1. Financiamento direto, ações políticas, programas ou assistência técnica para apoiar o encerramento de usinas de combustíveis fósseis ou outras atividades que envolvam extração, processamento ou transporte de combustíveis fósseis, incluindo apoio aos trabalhadores ou comunidades afetadas por tal encerramento."
M.11. Atividades intersetoriais,M.11.5. Redução das emissões de GEE.,"M.11.5.1. Transporte, uso ou armazenamento permanente do CO2 capturado."
M.11. Atividades intersetoriais,"M.11.6. Apoio a políticas, assistência técnica, desenvolvimento de capacidades e divulgação de informações.","M.11.6.1. Ações políticas intersetoriais nacionais, subnacionais ou territoriais que tenham como objetivo conduzir a ações de mitigação das mudanças climáticas ou apoio técnico para tais ações."
M.11. Atividades intersetoriais,"M.11.6. Apoio a políticas, assistência técnica, desenvolvimento de capacidades e divulgação de informações.","M.11.6.2. Ações políticas, programas ou assistência técnica para estabelecer padrões mais rigorosos de eficiência energética ou uso de recursos ou uma aplicação mais rigorosa dos padrões de eficiência."
M.11. Atividades intersetoriais,"M.11.6. Apoio a políticas, assistência técnica, desenvolvimento de capacidades e divulgação de informações.",M.11.6.3. Sistemas ou ferramentas de transparência para o acompanhamento das emissões de GEE.
M.11. Atividades intersetoriais,"M.11.6. Apoio a políticas, assistência técnica, desenvolvimento de capacidades e divulgação de informações.",M.11.6.4. Auditorias energéticas destinadas a identificar as possibilidades de aumentar a eficiência energética ou a geração de energia renovável no local.
M.11. Atividades intersetoriais,"M.11.6. Apoio a políticas, assistência técnica, desenvolvimento de capacidades e divulgação de informações.","M.11.6.5. Ações políticas, programas ou assistência técnica para estabelecer incentivos fiscais para aumentar os investimentos ou a implementação de tecnologias e medidas de baixo carbono."
M.11. Atividades intersetoriais,"M.11.6. Apoio a políticas, assistência técnica, desenvolvimento de capacidades e divulgação de informações.","M.11.6.6. Ações políticas, programas ou assistência técnica voltados para os preços do carbono ou outros pagamentos que tenham efeitos equivalentes. "
M.11. Atividades intersetoriais,"M.11.6. Apoio a políticas, assistência técnica, desenvolvimento de capacidades e divulgação de informações.","M.11.6.7. Ações políticas, programas ou assistência técnica para reduzir o desenvolvimento urbano não planejado de baixa densidade ou promover a densificação, evitando assim o bloqueio a longo prazo de um ambiente construído com maiores emissões de carbono."
M.11. Atividades intersetoriais,"M.11.6. Apoio a políticas, assistência técnica, desenvolvimento de capacidades e divulgação de informações.","M.11.6.8. Educação, formação, desenvolvimento de capacidades ou sensibilização centrados na mitigação das alterações climáticas."
M.11. Atividades intersetoriais,"M.11.6. Apoio a políticas, assistência técnica, desenvolvimento de capacidades e divulgação de informações.",M.11.6.9. Programas ou sistemas que forneçam incentivos ou ferramentas às unidades ou equipes dentro das entidades para gerenciar e minimizar as emissões de GEE e contribuir com os objetivos de descarbonização da entidade.
M.11. Atividades intersetoriais,"M.11.6. Apoio a políticas, assistência técnica, desenvolvimento de capacidades e divulgação de informações.",M.11.6.10. Articulação de planos de ação climática ou descarbonização a nível da entidade.
M.11. Atividades intersetoriais,M.11.7. Apoio à mitigação das mudanças climáticas.,M.11.7.1. Serviços técnicos necessários para desenvolver ou implementar projetos de financiamento para a mitigação das mudanças climáticas.
M.11. Atividades intersetoriais,M.11.7. Apoio à mitigação das mudanças climáticas.,"M.11.7.2. Serviços, instrumentos financeiros ou comércio de carbono, incluindo carbono azul."
